{"paths":{},"types":[],"uuids":["02bcdPwWdPwKb1fN0jZmdI","03Os+Tv+pGwJ7KXpo7QU8m","0870wi/Z9AM7ye+bXpOg9a","09ZJEZ1R9M9pHjj5MGgPXR","11gfKDcJhFF7qdKQtEnmbm","15XOTGFaFPcqkAe4JcMB1R","1aejCAQH1FOJ72OPaN1OQ0","1apQzIgSdBtZapCaoJjuMy","23uWkymrVGvrg/mKwc5f/L","2e3W3qTi9Fd5fYtTKYu6pG","3dDZg5NN1Jco5kkmTilmur","3e/PQl+TxD4LsxqFmEPDP6","3f5iyyp1RAg7aDKMxs7QvH","42NIQTke5E6agHhG2p62oq","42Y6tDzkVLD4HXI3iAGcMb","45xunyknRK46A4Hq0KV7pG","47PiwtyLxDAYuUTu7NYMd8","48m978AeNDq5xRky6tt8xh","48w+Ys9NpCr5DQbprKy/pF","4c3h5V/thPubhUb4J0+vxd","515uWCwhdE0Za9BTZRuHjp","5284IGrDNDOZZVXgs8v0Wf","56fc2Ai/RFNYpaMT8crweK","57f3yMk3xNq553Tzl0UJd0","5bXdDLB51L5aiVzl5E6eBl","60NXofVEhGYYNYzHAV777P","66kRNBcRFMZrg5tzuazw3Z","6c1sG/9ZBObZcC8chw2Gy3","71VhFCTINJM6/Ky3oX9nBT","75jfepWspMt67PneEhK7nb","78nMMgL2tK9YMQrU8GClb1","80KdHkFF1Mdaq35t+Lwpwf","84sGcHxiNKNaunb37S5N2j","86FGsbyf5DeJUu6fEWjdOf","900T4YI0tJ4r9V85HUNvfh","97YDUgLRhPTJ3qsuKgy0vi","9fHvkwucBHNL53TeiFZZvg","a2rBFSl3NE84p+uoJFxgl8","a5Ipcnh+dG/7vqfyuCZ5od","a7j6qlwv1E2aHGiJdMIbdj","a8jjka37FDkaUN6H+vdbjB","b4P/PCArtIdIH38t6mlw8Y","b5GxBI11dJBLofSwFff9Qq","b86PCz6htB57pU6GbvLeBY","c3gZd6iptNYLDMyBq3DrnE","c3wixOa5ZApqcbw9aGdn96","cau14hGi1Gc4pQnLIHN7cB","ccOQYU6HJBD5QLN7a5NVPQ","ceCBgo8CBBxLWnHP9U3ZuD","ceLiCtQU9IvLKUSw/CpVnk","d1KKM52t5CsIDg8i+0lvP0","d2qd78jBVJgZj49gjGuOCg","dbyQnQstBB4YCdop1AZtBM","db4Yng7RZN8pvHtXi0vipS","e2fNhB/jVBcKZXx9DXcyrC","e7X/Tn8S1AIaOL4FmvOwzF","e8Ueib+qJEhL6mXAHdnwbi","f3O6+KlARFcJsscYHXjNG8","f9QmO6rNNEIryUC6XQgj7T","feyFFTbxNPb5z+yV+HvlVw","03Q4BbIjBGzKZPL78O95ii","118ooDehxMRrOba96NZgQ8","12pWe8Jk9B9oSav+7DTr0M","1cVPEupUtLz6aW39xaBvoM","25ws3wTItI8ZVT8zxuLrxR","27QSTiDnpFm49vEfr3AFbU","29FYIk+N1GYaeWH/q1NxQO","32MntRIfhN7qI9i7jDtCyo","32NHxnqdtIGITFjDbGH+dh","32X5ABFAdCX6pa/WFOea6a","35jJAy2R9B7L3/bKti0Xt/","3ae7efMv1CLq2ilvUY/tQi","403ViGzetDmbesn51/a/jZ","44KWrFPiJNA6/i//dI3s9T","45v4nIhuZMlqcbaSIvQti1","4akj2LM39CZILlBlBlyPQP","6coCcexlZKp7v/mMEmhiV0","6d0jTXuVBAirzKOXs66jKl","6e4dCKULhHf7cTKpHdxcO2","70qYxESg1J2oTGS0f+j51J","717FphuLRAa6c9inLey3LJ","799lvcGS5HrKlZQ2hgoq42","7cK0hnssNAD6P6FM1Xamd/","81kIhehmBIeLtRx2BAC6lu","8bgBPspnFHrqI98SsLMsmZ","8f3QoEDXZOW6IL+WfoxWGF","98ftljb2BCTLKxhPmnI1tb","a1XrB6AExPArVy/ebIt/+W","a3dnVU99tN160H64fu7Ynh","a6JtqElcBPH5dPqU7g1CQ9","adYy5/6dJABZOSWlas13P0","b2PZqLcfVMgZ1ve5Sqr1Nv","b8JlScS09Jh4KXHdhSrCNj","b8ZrJcBihGeb85u9xx0liI","b9fK+n6ylIDZQ5ZklUAY4b","bb/Cwd/UhMeK68LVFt4Lxs","beborb6t1FDoz+IKphlevT","bef/SZEaNHwaffW23an/mf","c3GP+nqxVCfYqsPaturcxl","c6dF4Sw7lBCYL9vE+ZZWN6","c8obvreqZFz4WbHpCxts39","cdnpOuX/JM14zl6Z4aFMDU","ce8mFZUOpPuYhQCk3SX1iN","d3Yi2BtGBBEq+4Nty0RJsz","d7V+wM3XtBS7yw/qsJ4Ud7","dbwgIJebxFuaJkItcDSKDv","e7gxasW5RLp5g7aEGXAikn","e7q6FL+VZEgLJUjVeDLic/","e9YaQsKE1G0rzfy10paxDg","e97GVMl6JHh5Ml5qEDdSGa","ecgB8S9ElPAqYkf22SvZuX","eclIrjy5pMM4r65AptdCJ4","ecpdLyjvZBwrvm+cedCcQy","efxi83lexFLI9z59Mtz4dN","f0BIwQ8D5Ml7nTNQbh1YlS","f2+yYBe95FxatsDiPjzS5b","fbKBsMj59LtLTd6EKAflIZ"],"scenes":{"db://assets/Scene/Loading.fire":4,"db://assets/Scene/TaiXiuGame.fire":2},"redirect":[71,0,112,0],"deps":["internal"],"packs":{"0662a362a":[0,1,3,6,8,9,11,12,13,18,19,20,21,22,24,25,26,27,28,29,32,33,34,35,36,38,39,40,41,42,43,44,45,46,48,49,50,51,52,53,54,55,56,58,59],"0cdf77ff4":[60,2,61,62,5,7,63,64,65,66,67,69,70,10,72,14,73,74,16,17,23,76,77,78,79,80,30,81,82,31,83,84,85,86,87,37,88,89,91,93,94,95,96,97,98,99,100,47,101,102,103,104,105,106,107,108,109,110,111,113,114,115,57,116],"0d0154b1a":[4,5,7,68,10,15,17,75,31,90,92,57]},"name":"main","importBase":"import","nativeBase":"native","debug":false,"isZip":false,"encrypted":false,"versions":{"import":["0662a362a","b9163","0cdf77ff4","6ff36","0d0154b1a","261ad"],"native":[0,"bc2aa",1,"78606",3,"ed28f",6,"b94c1",8,"fead8",9,"8dc6a",11,"6d215",12,"e7664",13,"ae5b6",14,"4de0e",15,"ed4b5",16,"dd5a2",18,"1f7cd",19,"d24fa",20,"54d37",21,"9d188",22,"5f1d9",23,"6ead5",24,"f2879",25,"961e0",26,"6a9cc",27,"05141",28,"c06a9",29,"e0fbd",30,"a02dc",32,"e7f29",33,"22f97",34,"894b1",35,"d0748",36,"29a2b",37,"8ee7a",38,"98597",39,"e60b9",40,"ee3a5",41,"83fcc",42,"71e02",43,"b5685",44,"6feca",45,"d7569",46,"1db6e",47,"92f9d",48,"40803",49,"9184f",50,"cb0d4",51,"17703",52,"5c11b",53,"a37c1",54,"1077e",55,"bf89a",56,"90cf4",58,"f8343",59,"24d1c"]}}