[1,["ecpdLyjvZBwrvm+cedCcQy","32NHxnqdtIGITFjDbGH+dh","4akj2LM39CZILlBlBlyPQP","adYy5/6dJABZOSWlas13P0","b8JlScS09Jh4KXHdhSrCNj","1apQzIgSdBtZapCaoJjuMy","80KdHkFF1Mdaq35t+Lwpwf","15XOTGFaFPcqkAe4JcMB1R","3dDZg5NN1Jco5kkmTilmur","45xunyknRK46A4Hq0KV7pG","48m978AeNDq5xRky6tt8xh","f3O6+KlARFcJsscYHXjNG8","d2qd78jBVJgZj49gjGuOCg","d1KKM52t5CsIDg8i+0lvP0","84sGcHxiNKNaunb37S5N2j","02bcdPwWdPwKb1fN0jZmdI","6c1sG/9ZBObZcC8chw2Gy3","86FGsbyf5DeJUu6fEWjdOf","1aejCAQH1FOJ72OPaN1OQ0"],["node","_spriteFrame","_textureSetter","_defaultClip","_parent","scene","_N$file"],["cc.SpriteFrame",["cc.Node",["_name","_id","_components","_contentSize","_parent","_trs","_children","_color","_eulerAngles"],1,9,5,1,7,2,5,5],["cc.Widget",["_alignFlags","_originalWidth","_originalHeight","node"],0,1],["cc.AnimationClip",["_name","_duration","wrapMode","curveData","sample","speed"],-3],["cc.Sprite",["_sizeMode","node","_materials","_spriteFrame"],2,1,3,6],["cc.SceneAsset",["_name","asyncLoadAssets"],1],["548f1lX04pNurylr7sQsXjN",["node"],3,1],["cc.Canvas",["node","_designResolution"],3,1,5],["cc.Label",["_string","_fontSize","_enableWrapText","_isSystemFontUsed","_N$verticalAlign","_N$overflow","_N$cacheMode","node","_materials","_N$file"],-4,1,3,6],["cc.LabelOutline",["_width","node","_color"],2,1,5],["cc.Animation",["playOnLoad","node","_clips","_defaultClip"],2,1,3,6],["cc.Camera",["_clearFlags","_depth","node"],1,1],["cc.Scene",["_name","autoReleaseAssets","_children","_anchorPoint","_trs"],1,2,5,7],["cc.TTFFont",["_name","_native"],1]],[[4,1,2,3,1],[10,0,1,2,3,2],[1,0,4,2,3,5,2],[1,0,4,2,3,5,8,2],[5,0,1,3],[1,0,6,2,7,3,2],[1,0,4,6,5,2],[1,0,1,6,2,3,5,3],[1,0,4,2,7,3,5,2],[1,0,4,2,3,2],[4,0,1,2,3,2],[2,0,1,2,3,4],[2,0,3,2],[2,3,1],[6,0,1],[7,0,1,1],[8,0,1,2,3,4,5,6,7,8,9,8],[9,0,1,2,2],[11,0,1,2,3],[12,0,1,2,3,4,3],[3,0,1,2,3,5],[3,0,1,4,2,3,6],[3,0,1,5,2,3,6],[13,0,1,3]],[[[[4,"Loading",null],[5,"Background_",[-4,-5,-6],[[10,0,-1,[24],25],[11,45,1920,1080,-2],[14,-3]],[4,4287795858],[5,1920,1080]],[6,"Logo-Anima",1,[-7,-8,-9,-10,-11],[-82.453,131.283,0,0,0,0,1,0.879,0.879,0.879]],[7,"Canvas","a5esZu+45LA5mBpvttspPD",[-14,1],[[15,-12,[5,1920,1080]],[12,45,-13]],[5,1920,1080],[960,540,0,0,0,0,1,1,1,1]],[8,"Loading Txt",1,[[16,"LOADING .",141.79999999999976,false,false,1,2,2,-15,[18],19],[17,2,-16,[4,4278190335]],[1,true,-17,[21],20]],[4,4278255574],[5,1217,95],[238.827,-324,0,0,0,0,1,1,1,1]],[9,"Main Camera",3,[[18,7,-1,-18],[13,-19]],[5,1920,1080]],[2,"light",2,[[0,-20,[0],1],[1,true,-21,[3],2]],[5,598,597],[141.941,33.918,0,0,0,0,1,1.4,1.4,1.4]],[3,"1",2,[[0,-22,[6],7],[1,true,-23,[9],8]],[5,133,135],[134.752,105.343,0,0,0,0.4694715627858908,0.882947592858927,1.242,1.242,1.242],[1,0,0,56]],[3,"6",2,[[0,-24,[10],11],[1,true,-25,[13],12]],[5,133,135],[217.757,-10.125,0,0,0,-0.25881904510252074,0.9659258262890683,1.242,1.242,0.762],[1,0,0,-30]],[2,"3",2,[[0,-26,[14],15],[1,true,-27,[17],16]],[5,133,135],[73.162,-19.314,0,0,0,0,1,1.242,1.242,0.762]],[19,"New Node",true,[3],[0,0,0],[0,0,0,0,0,0,1,1,1,1]],[2,"Logo",2,[[0,-28,[4],5]],[5,715,441],[139.59,76.592,0,0,0,0,1,1.294,1.294,1.294]],[2,"TAIXIA",1,[[0,-29,[22],23]],[5,991,207],[26.042,-63.245,0,0,0,0,1,0.816,0.816,0.816]]],0,[0,0,1,0,0,1,0,0,1,0,-1,2,0,-2,4,0,-3,12,0,-1,6,0,-2,11,0,-3,7,0,-4,8,0,-5,9,0,0,3,0,0,3,0,-1,5,0,0,4,0,0,4,0,0,4,0,0,5,0,0,5,0,0,6,0,0,6,0,0,7,0,0,7,0,0,8,0,0,8,0,0,9,0,0,9,0,0,11,0,0,12,0,5,10,1,4,3,3,4,10,29],[0,0,0,0,0,0,0,0,0,0,0,0,0,0,0,0,0,0,0,0,0,0,0,0,0,0],[-1,1,3,-1,-1,1,-1,1,3,-1,-1,1,3,-1,-1,1,3,-1,-1,6,3,-1,-1,1,-1,1],[0,4,2,2,0,5,0,6,1,1,0,7,1,1,0,8,1,1,0,9,3,3,0,10,0,11]],[[{"name":"mdngtt","rect":[0,0,133,135],"offset":[0,0],"originalSize":[133,135],"capInsets":[0,0,0,0]}],[0],0,[0],[2],[12]],[[{"name":"logo","rect":[72,72,715,441],"offset":[0,-0.5],"originalSize":[859,584],"capInsets":[0,0,0,0]}],[0],0,[0],[2],[13]],[[[20,"1",4,2,{"props":{"angle":[{"frame":0.08333333333333333,"value":90},{"frame":1,"value":60},{"frame":2,"value":30},{"frame":3,"value":60},{"frame":4,"value":90}]}}]],0,0,[],[],[]],[[{"name":"chabbanmuk","rect":[0,0,133,135],"offset":[0,0],"originalSize":[133,135],"capInsets":[0,0,0,0]}],[0],0,[0],[2],[14]],[[[23,"DragonHunter-9Ynxj","DragonHunter-9Ynxj.ttf"],-1],0,0,[],[],[]],[[{"name":"oysomtus","rect":[44,41,991,207],"offset":[-40.5,2],"originalSize":[1160,293],"capInsets":[0,0,0,0]}],[0],0,[0],[2],[15]],[[[21,"light-effect",9,10,2,{"props":{"angle":[{"frame":0,"value":360},{"frame":9,"value":-360}]}}]],0,0,[],[],[]],[[{"name":"somjanh","rect":[0,0,133,135],"offset":[0,0],"originalSize":[133,135],"capInsets":[0,0,0,0]}],[0],0,[0],[2],[16]],[[[22,"laoding",0.5,0.5,2,{"comps":{"cc.Label":{"string":[{"frame":0,"value":"LOADING ."},{"frame":0.16666666666666666,"value":"LOADING . ."},{"frame":0.3333333333333333,"value":"LOADING . . ."},{"frame":0.5,"value":"LOADING . . . ."}]}}}]],0,0,[],[],[]],[[{"name":"light","rect":[11,12,598,597],"offset":[0,-0.5],"originalSize":[620,620],"capInsets":[0,0,0,0]}],[0],0,[0],[2],[17]],[[{"name":"somrosteps","rect":[0,0,1920,1080],"offset":[0,0],"originalSize":[1920,1080],"capInsets":[0,0,0,0]}],[0],0,[0],[2],[18]]]]